StockCode,stock,threshold
23843,10,364478
23166,580,810
84077,51591,4268
22197,22029,12396
85099B,7041,4103
85123A,5583,3979
84879,7796,4348
21212,5330,1536
23084,32255,13532
22492,7915,1627
22616,2376,2719
21977,1722,1369
17003,14607,1322
22178,11079,2349
15036,1228,684
21915,7239,1356
22386,5683,1357
23203,4728,2483
20725,3090,1437
84991,4664,1240
85099F,988,785
22469,4070,1493
84946,3356,2231
22693,3483,891
22086,6775,5453
84755,885,652
47566,1066,838
22961,535,1890
22151,1302,915
22952,11396,2960
21213,4284,549
22629,2898,1258
23199,2488,924
21790,2665,1917
16014,8874,968
84992,1987,1025
23209,1838,1281
71459,1169,688
21731,1841,1745
20724,2784,1358
85099C,3044,1466
20668,5608,4606
23201,3276,1448
22423,722,1090
21080,2372,839
21975,733,633
22969,1162,526
21175,1535,1354
21181,7634,1816
23310,4588,2108
22993,2125,1583
22383,1037,693
23307,3161,1131
22998,5922,1297
23206,1776,858
21931,3112,820
21137,849,2664
22630,2444,849
20727,1274,1189
22659,1030,575
84568,427,1296
84978,742,696
20728,2524,813
23202,1386,1626
21498,2552,1209
22411,1342,1257
20713,1589,810
21232,1689,1653
84212,640,837
84945,1323,1844
22384,982,686
20971,2571,1022
21166,2707,1954
21108,3051,1598
21326,397,1498
21929,927,433
22382,1840,1137
22577,7430,3825
21928,1039,576
79321,4447,2026
23077,1599,1980
22578,5183,4349
22470,2132,1315
22910,2465,3314
22489,1989,1369
21703,2343,767
20719,1640,640
22699,801,642
22610,5247,1256
20726,789,540
22355,2057,683
23344,7918,3151
16045,1903,900
22988,216,1143
21787,1830,2748
22077,2727,731
21497,1524,788
21985,376,458
23232,1641,647
84970S,820,741
22457,612,1425
22558,1364,657
22741,1656,810
82482,1817,606
22385,715,718
23293,2273,1819
84947,814,1342
22189,594,536
20712,1283,476
22960,1287,884
85152,872,1383
22909,2780,1634
22417,1122,591
22326,1718,1027
22865,2010,2156
22560,1029,1819
23230,1743,788
21891,1597,1116
23076,2087,700
84347,6506,2847
22029,598,720
23298,1153,844
21733,1561,1079
23301,1630,2000
23309,2179,1586
22551,1137,876
22467,2826,891
23207,962,710
21914,1432,1663
22666,1136,770
21094,1086,215
22356,2791,798
22554,1621,771
22791,882,1222
23231,1994,591
22951,1331,406
22727,5891,1560
16161P,2123,394
22966,1897,930
21791,753,1073
20972,1229,801
23204,1872,681
21918,1383,362
22720,778,405
21982,1630,376
21499,994,647
22090,293,286
20723,878,464
75049L,633,703
84692,935,536
23200,926,619
20974,2734,29
71477,4464,1440
22740,10,0
23078,1628,909
21086,1490,243
23170,804,253
22662,887,544
21980,1278,273
22595,5215,592
21121,1086,459
22045,2099,844
22328,779,521
15034,1240,206
22065,13997,1610
22697,519,531
20975,1685,932
82583,1176,773
21829,1051,0
21500,615,619
23300,876,1266
82494L,1103,926
22418,1630,601
23208,641,722
20914,998,722
22147,1121,232
22866,1885,1536
22907,1411,341
22379,613,334
22585,2994,741
84378,1366,1486
22867,1818,1541
23171,648,215
23295,1373,858
23308,2468,690
22556,1782,800
82484,186,615
22621,1267,1289
22149,1227,0
22555,759,549
22440,394,314
18007,10,0
23245,685,634
82600,414,1791
21495,2134,816
16156S,616,366
72741,1044,860
21889,1817,1056
84836,1606,451
21231,1149,685
84970L,436,361
21930,908,538
22561,933,814
21210,665,753
23167,575,758
22771,737,276
22726,2610,813
22609,1558,938
40016,10,0
82580,1051,487
22294,436,413
22722,1252,237
21877,365,244
23284,1552,639
22030,676,1131
23355,2587,1678
22698,273,436
84380,689,486
21981,790,173
21871,979,364
21122,252,342
22704,1714,394
21810,3471,2459
22759,2427,630
85175,837,504
22950,1481,0
23233,1399,300
21967,1204,189
22112,2202,1469
23205,1965,648
22728,3179,592
22661,829,343
22983,1442,369
21704,2210,398
21668,1192,137
21976,895,158
21669,988,223
84997D,1186,789
22992,827,700
23343,2269,1398
23286,420,57
22608,640,567
23144,1117,351
22084,10,50
23296,1441,782
22959,1665,1548
22652,837,18
22188,134,525
22579,3691,1610
22138,1610,984
22633,3735,1251
22536,1216,152
21506,679,648
23285,168,28
23243,356,404
84949,721,1036
35970,2958,1322
22834,475,136
16237,464,754
22900,537,277
22557,782,554
16169E,2345,1098
22996,705,399
21672,421,142
23288,304,58
22620,565,540
22273,1156,299
21136,942,402
84596B,360,605
23582,2581,3259
22710,1413,281
22544,188,771
62018,455,246
22333,532,314
22632,2153,1025
21916,769,222
23581,7304,2384
23005,1981,451
20992,1058,983
22534,1921,502
21811,4422,866
20676,634,323
82582,1021,449
22712,717,624
21169,681,574
22083,608,633
23294,683,441
23321,1871,788
23297,33,22
20718,278,549
22111,897,1028
22139,696,757
22053,63,0
22908,256,245
22970,327,316
20711,642,300
22338,6280,1736
22027,975,318
84375,1238,543
22161,3288,396
22986,1247,262
23240,836,597
21917,1028,238
16161U,577,375
21671,587,357
84997B,1028,345
17084R,1174,324
21165,505,448
22553,990,521
20973,1338,1333
21986,404,141
21673,594,159
21124,240,144
21670,784,138
84988,1113,515
23103,2290,861
21174,1063,812
22646,194,1359
22979,371,346
85150,994,296
22491,1064,359
20685,558,338
22348,609,339
22297,632,236
21394,127,0
15056N,919,222
22041,1501,442
79000,10,0
20984,129,0
21390,492,150
22087,1042,906
16218,831,345
21936,454,58
22985,836,169
82581,434,404
22037,127,583
22114,985,1259
23353,2990,604
23439,1562,1173
23263,2102,893
21559,514,201
22991,688,267
48187,191,266
84997C,785,601
23172,500,250
22413,0,2236
84029E,1294,1170
22962,750,87
21314,1089,531
23318,2001,746
21908,835,426
48138,203,232
23275,1461,1134
21509,687,172
51014A,1188,892
21385,360,145
23215,1759,1274
21876,200,170
22367,813,526
22154,1574,1080
23319,4284,786
21238,281,194
20979,522,331
23493,1413,1523
22530,1203,683
22144,1774,929
23503,2909,1022
48185,137,134
23378,2181,902
22816,1674,972
16259,149,0
23182,446,132
22631,560,296
23326,697,633
22219,918,231
22714,1229,129
22047,1979,253
84950,667,243
23354,1988,654
21172,515,438
21485,802,652
22920,179,111
72232,783,576
16216,662,511
23583,4492,1630
21984,623,106
22531,564,285
84596F,305,484
22568,728,264
22772,424,234
23192,691,603
48194,288,196
22596,1181,1274
21623,177,94
23546,932,703
22713,241,135
21519,522,288
21507,893,342
21154,262,300
22464,62,814
22766,468,163
22381,367,188
21098,884,426
20677,82,307
21240,461,69
22113,1016,530
47591D,581,601
22818,1624,1026
84050,628,0
22663,314,181
23188,2626,858
21523,346,224
21900,196,155
22716,806,164
21242,300,320
22963,624,50
22142,1708,650
23198,1030,510
23175,149,136
22243,81,4
23351,3781,766
20996,855,575
23000,528,232
22296,247,219
21156,551,597
35953,2268,1498
22570,828,184
22549,956,591
21746,131,83
22614,964,198
23174,124,111
23165,797,501
22835,1014,868
22915,0,688
22466,452,483
84987,677,168
21481,659,561
82552,452,270
16219,599,310
22150,352,512
21892,727,638
22488,660,307
22028,271,250
85049A,1158,585
23322,917,518
16008,1696,824
22804,999,828
22945,1429,464
22667,298,447
23168,751,488
22352,524,92
23349,2407,567
22158,1274,817
21874,944,214
23507,2202,1117
22734,1261,724
21313,733,232
22711,1118,281
22539,423,597
22999,1362,224
21395,123,0
22419,318,570
82551,577,458
22507,177,138
15056BL,1370,191
23367,1421,1060
22563,336,548
22708,1189,450
22303,1029,233
23210,1415,620
23313,864,1006
85049E,842,333
47503A,956,304
84536A,616,478
20675,226,160
22437,349,223
22730,683,372
22295,414,376
21135,1133,768
22944,2646,648
21479,961,830
21430,380,156
21818,1686,962
23506,3148,431
22989,437,101
22569,333,0
23306,519,18
35961,232,184
22435,161,304
22564,887,624
22174,414,288
23173,262,100
22984,112,123
23445,982,450
20983,1385,498
21754,401,219
23376,1167,756
16235,391,200
21833,405,410
23320,1326,780
70006,80,146
22637,494,173
84832,720,418
22851,965,196
47556B,10,0
21899,299,142
23350,1527,568
21239,107,111
23346,3366,134
21830,55,4
22398,298,371
21621,166,101
23158,397,312
22597,2109,1100
23157,859,528
22082,275,346
84997A,336,243
17096,10,0
23497,145,2108
22964,540,210
22855,10,0
37370,24,16
22775,462,297
21078,23,0
22997,359,309
23545,1559,478
23508,3524,305
84029G,642,490
21932,315,110
21819,1393,1437
23121,193,187
21155,322,126
22892,767,27
23340,2080,174
21642,856,357
22540,0,448
21535,533,118
23374,437,690
22141,821,567
23236,574,241
23154,303,316
22573,556,765
51014C,1059,585
23177,440,676
85212,117,81
47599A,260,32
21933,212,124
22978,117,75
22153,2301,970
21878,37,10
23345,750,172
17021,505,162
21508,348,126
22196,2149,447
10133,10,0
85178,1385,444
22460,286,342
23290,366,468
22971,113,208
22493,328,264
22152,1202,854
22567,327,142
21868,98,143
23187,691,0
23356,1396,695
82483,419,302
22938,534,324
21035,343,220
23109,686,692
23510,1933,1153
21907,67,153
22619,552,384
22792,1110,918
47566B,115,11
22302,995,212
22980,282,83
47590B,268,97
22339,1834,770
22336,709,0
22024,393,228
22813,429,240
23082,392,528
23159,378,220
22046,447,366
23032,1648,22
84929,296,45
22584,382,288
22601,561,423
22066,354,367
22995,210,99
85199S,1706,492
21983,540,168
22749,257,330
23211,1384,613
22155,1246,690
22571,1160,561
21084,581,150
23311,1233,606
21650,830,166
21988,636,114
23108,368,333
22898,489,250
22729,59,0
23212,1500,601
23191,799,295
23380,1622,385
23119,654,120
23334,552,560
22617,867,376
23368,1074,659
22173,456,230
21592,226,1068
23089,2112,332
21244,25,0
23090,524,767
85015,1845,320
22574,703,991
21243,241,190
23148,369,189
22994,212,307
22301,1007,108
23155,466,123
23122,468,82
23100,1066,554
21380,315,72
22436,198,321
23176,898,98
23292,136,372
22094,475,335
82486,359,296
23035,735,415
17091J,247,345
21989,214,136
22546,468,183
23328,774,612
72351B,99,90
21218,278,198
23145,693,202
23002,554,243
21987,867,130
22706,419,188
23247,1924,328
22593,893,519
22644,0,793
37340,609,186
21974,223,241
21399,10,0
20717,439,100
48188,423,16
22615,919,89
22335,490,104
23571,3404,1202
23256,845,268
20982,1098,568
23333,855,583
23241,281,270
47559B,911,346
21875,37,136
22956,20,186
23280,37,364
22651,251,75
22427,178,54
22738,689,339
22774,248,126
23186,336,380
22899,329,345
23332,1015,539
22431,206,30
22895,228,112
48184,187,174
22227,143,216
85061W,373,215
23266,1992,572
22602,1156,406
22465,188,762
47504K,220,0
22098,3651,243
82578,265,393
22668,107,55
47590A,160,111
22750,249,281
23101,585,364
21558,175,116
22091,1245,219
10135,281,179
23436,1012,222
51014L,560,395
22421,1338,443
21755,178,124
23366,1278,627
84406B,104,79
23437,2072,270
21845,229,162
21902,198,98
21749,60,58
22748,537,199
22131,558,225
22940,755,278
22705,1137,150
20969,457,192
22156,247,248
22548,358,0
85204,1043,273
21544,203,263
21069,10,0
21504,930,216
22266,1311,181
23083,893,547
22817,396,180
21809,667,46
23004,972,251
22917,146,116
23550,417,150
20981,575,317
22819,670,250
23193,453,492
23147,439,170
23264,967,574
85014B,715,140
22773,318,129
21216,72,164
23570,1981,1118
22268,554,0
21034,465,318
22093,556,199
72818,2527,0
22537,576,362
22916,111,107
23399,712,332
21844,296,76
22148,27,40
21843,346,433
23229,374,358
22754,0,813
22815,223,87
21287,583,390
48173C,197,108
21179,10,0
23434,1192,596
23438,508,333
22745,400,170
23238,220,372
23287,286,79
22725,453,209
22918,149,122
23501,956,774
22331,566,135
22624,349,138
22904,1011,63
22025,543,54
21935,181,200
22439,73,241
22241,31,29
23196,972,190
22670,283,215
23330,501,548
23194,834,87
16011,491,325
22645,0,430
22957,10,0
85078,1135,0
22594,742,504
21901,145,114
22533,71,81
22059,0,624
22499,33,45
23552,0,2595
22128,475,54
21403,442,364
23480,2696,1012
20749,142,315
23163,216,137
22535,220,242
23382,3585,668
21164,35,118
22972,218,117
20750,262,184
23327,889,441
22171,77,94
22343,0,477
23329,625,450
22079,411,179
22402,503,181
22088,10,0
22195,484,258
85066,269,219
21381,246,21
23006,321,81
84536B,1037,91
22378,62,52
23190,663,136
79164,103,0
22919,166,126
23265,858,519
21090,215,44
47593B,62,272
23504,1050,507
84596G,299,129
23254,390,158
21524,187,168
35471D,604,556
84971S,76,171
22752,39,434
22271,333,344
23251,233,279
22432,105,274
22921,181,124
22798,264,313
71053,66,74
23234,714,277
23156,490,192
84508A,10,0
20679,1054,125
20978,638,245
22906,216,254
23271,900,348
23120,228,90
22244,10,0
23551,1672,235
21429,259,315
23161,310,81
22694,760,280
22064,0,618
22690,48,79
20977,79,0
23213,780,482
23352,1369,321
23227,509,151
21937,10,11
23498,0,2380
21786,70,140
21873,43,37
23500,886,703
22097,173,345
21088,54,108
23547,389,281
22755,0,606
21770,279,192
85049G,276,130
21912,176,399
22095,459,544
22739,1271,351
22941,326,460
22812,597,44
22814,107,248
23373,1058,196
22805,437,112
22026,266,90
21422,1393,45
15039,653,51
23289,246,136
46000S,401,181
21888,474,184
23291,226,127
23681,720,1466
21484,582,370
85053,566,303
22075,0,704
23135,27,30
22600,904,465
21294,38,0
22718,179,90
21068,984,124
22102,12021,27
22779,144,94
23365,1682,681
22732,731,316
85184C,23,38
79163,10,0
22974,121,89
22751,248,133
22508,151,110
82001S,540,115
22715,127,27
22130,1287,304
17038,1138,4
21398,10,0
23371,954,612
22115,1301,225
21588,547,399
23331,299,399
22896,273,42
22599,1778,640
22613,110,56
22502,10,0
22922,185,200
23381,723,104
23302,0,685
22733,534,349
22625,334,166
21531,172,109
22893,102,122
23221,646,546
21880,98,65
22948,104,182
23169,1017,242
47599B,351,60
21824,2121,4
22456,293,110
16048,702,169
22300,993,102
37342,10,0
23268,105,14
22543,2338,295
23242,170,234
23431,629,105
84818,52,0
21158,1538,190
23323,489,442
22191,205,108
22576,1169,577
48116,40,17
22212,259,180
84030E,541,310
21162,3035,240
22478,104,124
85132C,10,0
37448,278,96
22099,510,84
23228,753,171
85111,1133,71
22035,13,0
23160,658,72
22264,10,0
22185,85,496
22562,269,225
22400,341,165
22329,198,72
22672,208,87
22109,251,295
21705,0,987
22692,159,61
37327,89,0
72802C,5125,0
21883,251,62
85062,74,122
23312,775,362
23162,139,132
22505,338,82
21993,499,386
20674,105,83
79030G,10,0
21563,0,717
22702,28,9
22096,1,354
22350,147,48
20754,100,112
23197,572,322
23370,1395,364
22193,270,141
21870,10,0
22433,279,33
22780,139,97
22349,135,43
21114,165,48
22709,311,112
21439,303,246
22319,0,1008
23375,1142,173
22299,0,758
22965,274,187
22746,337,112
85227,339,208
23483,1022,574
21533,123,79
23549,675,188
85172,985,480
23225,470,423
22897,369,84
16236,293,133
22622,306,107
23372,881,533
22274,151,248
22603,743,406
21402,272,262
22117,32,16
37446,65,57
23217,245,362
21934,353,145
21718,77,26
22078,554,108
23029,291,144
22208,350,364
22477,115,122
22943,840,17
16016,163,214
23432,311,134
84535B,545,130
23281,58,214
22674,280,63
22923,98,226
85048,487,371
21700,135,63
22607,42,87
21872,903,109
35923,1014,320
20829,231,112
85230B,747,270
21167,125,474
16238,235,184
11001,102,82
22572,1537,262
22707,310,281
21015,503,462
84598,1003,1296
22055,0,334
21112,516,133
85071B,341,147
23499,825,705
23028,55,0
72351A,68,35
21014,786,148
23102,891,150
23426,1040,246
23031,248,136
21561,528,39
23543,0,852
22737,680,243
10125,255,129
22050,212,112
21494,1447,287
22403,292,115
21206,297,18
16012,224,74
22665,344,0
23433,223,249
23189,846,137
22291,14,9
21990,683,242
84012,318,389
23534,880,286
22784,161,154
22902,284,152
23377,1048,177
23226,329,96
22207,148,134
21788,441,96
22420,325,281
22245,10,0
85049C,244,123
21823,578,4
22700,13,0
22501,79,0
23086,395,252
21716,136,17
22089,115,66
22043,522,450
22973,235,112
22429,193,69
22809,472,417
21591,1441,276
22187,878,348
22396,172,141
23691,682,1041
21201,699,56
23379,919,65
22675,71,84
21163,1127,0
22604,51,57
22924,277,223
22717,159,54
22080,135,190
16054,313,378
85194S,704,353
84826,12,414
22967,10,27
23267,480,225
21955,27,33
23270,223,147
22103,8114,0
22380,148,191
21992,433,45
23360,390,128
22859,327,54
21096,66,72
21209,216,134
22857,125,0
21715,120,10
20682,123,220
23274,475,184
23113,325,33
85014A,715,97
22023,232,75
22399,25,40
21260,143,34
21903,68,136
22306,646,318
21259,184,134
23535,259,413
22758,0,623
22975,64,73
22776,176,60
21159,1630,161
79191C,278,234
48111,115,45
23250,366,250
22550,121,81
21641,10,0
85230E,10,0
21803,680,130
20963,100,282
21428,221,125
22795,85,144
22736,738,215
85035C,1414,189
22581,159,570
22545,1330,300
22292,24,11
23126,384,235
20970,292,190
21714,64,74
22479,63,29
22858,13,0
35954,1641,0
23548,299,141
22731,441,177
22169,133,153
22653,64,65
21890,225,89
85034C,1588,500
23134,10,0
22532,92,114
21584,310,166
84510A,191,142
23505,554,475
22654,134,123
21679,126,109
22723,0,166
22311,595,233
72817,1495,238
21058,164,44
22344,0,364
22982,162,75
23389,474,289
23237,170,152
23509,1518,94
21382,236,64
22930,127,69
84596L,10,0
22377,250,16
22676,554,176
23530,668,380
22076,0,434
85230G,102,108
21070,1092,79
22582,190,37
22669,161,79
20961,153,296
22286,249,50
21879,323,32
17084N,485,112
22170,58,104
22976,48,83
21884,77,54
21564,0,695
21397,10,0
21389,41,54
85038,355,426
23012,465,156
20985,214,58
21245,0,178
20828,252,96
20832,266,138
21401,136,102
21200,872,9
46000M,378,111
23132,890,89
90057,907,486
22757,0,461
22049,731,0
22074,0,234
23080,152,386
22955,411,165
21802,873,4
23096,675,110
22837,10,0
22441,56,160
22129,770,29
21207,286,24
22332,457,81
23299,35,20
22340,573,549
85183B,214,134
23359,269,142
85071A,558,158
21881,66,24
22051,325,225
22048,352,112
21217,135,84
21123,204,74
47421,440,81
22422,0,669
23404,721,321
22345,0,356
72802B,3659,0
23283,210,105
84926E,238,225
21391,21,4
21198,86,110
23255,682,72
23531,571,263
84817,0,259
84828,119,71
47504H,132,228
21634,120,0
85017B,185,0
23061,48,91
21896,35,20
23129,409,97
20751,153,38
22937,99,32
21539,159,0
22132,439,150
84821,23,104
22949,155,48
23034,214,78
21654,10,0
23220,664,320
23273,423,136
23569,467,676
21745,88,124
22230,227,21
23244,243,84
85199L,190,109
21340,98,64
21192,1324,18
21033,10,0
22522,93,9
21291,108,122
21773,331,11
22262,125,35
22671,120,28
23130,413,279
22623,260,92
22753,0,384
20733,65,39
23093,47,76
85206A,10,0
22210,80,213
21636,213,144
20803,10,0
22721,0,220
22192,138,78
22977,50,34
21817,1141,0
23369,682,372
22810,533,220
85194L,36,50
23123,191,70
21619,910,421
23131,183,84
22494,84,64
22840,125,47
22438,0,709
22801,157,155
23526,337,240
22346,0,282
22360,453,45
85034B,1061,451
48129,148,50
22747,242,72
22933,14,4
23489,841,519
22677,869,142
22412,114,0
22284,70,61
22070,697,404
22198,10,0
21208,93,116
22932,4,38
23138,231,36
22231,132,43
21215,183,45
23056,5017,326
21292,12,216
23013,352,187
21199,162,135
22743,0,308
22686,977,155
22847,185,78
22228,256,65
22416,245,81
20801,10,0
21071,105,0
22523,111,32
22587,345,217
85230A,42,108
16033,10,0
22269,332,102
21615,699,520
22175,464,162
22101,5869,39
21400,420,187
21107,272,549
84660A,27,0
21109,0,341
22768,73,106
21774,115,20
22580,976,252
22342,302,108
22285,17,44
84006,159,336
22744,4,326
23087,326,122
23541,885,160
23461,0,771
22267,195,71
22566,261,251
23347,196,140
47518F,210,9
72816,478,0
22371,118,155
22222,41,18
22844,85,70
10002,10,0
22821,224,130
22789,124,30
22327,76,132
22209,0,152
22565,268,116
22293,38,9
22044,406,0
85130B,94,68
21211,545,33
22529,346,183
35648,334,107
23239,17,148
22598,1363,245
35095A,116,129
84819,0,497
22476,0,747
85213,10,0
22072,0,240
85040A,244,30
21556,14,7
21680,121,115
23068,459,99
22186,617,209
23014,447,88
85231B,244,100
22586,141,116
21789,323,88
21620,366,400
22179,116,146
22931,40,21
22650,229,118
23249,264,48
23388,318,160
22627,160,102
21111,0,268
23566,700,326
79051A,186,130
22211,228,135
21832,177,123
23184,158,81
23146,124,86
21756,69,45
23222,267,184
22811,1246,359
21110,171,119
85177,158,22
22434,121,73
22628,22,74
84792,85,79
21355,37,16
23214,559,135
35095B,137,66
21658,10,0
22673,104,56
15056P,112,97
21677,117,94
21383,63,76
23118,158,132
22800,169,91
22217,0,444
23393,287,164
22639,523,155
22444,10,0
22767,94,52
22820,85,32
16225,88,172
21609,10,0
23088,280,61
23133,348,26
22315,51,34
21922,21,16
37447,255,60
22778,227,27
21530,132,54
21616,530,376
21328,243,165
40001,298,0
23282,142,76
21684,99,50
21354,145,132
22854,10,0
22678,506,57
21447,10,0
22649,91,87
23269,599,237
22287,294,82
21452,78,58
23223,259,232
22680,351,96
21626,50,54
85032B,223,97
79066K,148,136
22304,1436,64
22547,0,236
85032A,298,75
22321,205,162
21224,187,40
21586,884,0
22307,347,218
22365,127,126
70007,224,136
20956,440,150
22968,93,108
22634,88,104
22100,312,166
23235,100,123
21503,134,112
85036C,1541,34
22040,450,112
35924,65,18
22487,124,57
22258,51,4
22483,79,120
22366,111,45
23494,434,395
22647,0,207
23390,181,145
23224,272,190
21411,0,376
23127,118,151
22424,107,55
22071,637,402
22605,133,42
84926D,122,83
22520,10,0
22845,99,66
23695,266,696
22133,222,30
37413,53,109
16161G,240,225
22354,114,14
22688,23,8
22695,256,292
84660B,10,0
85116,22,0
22696,513,99
22481,120,188
21713,35,18
22863,53,40
47480,0,137
23502,345,129
21386,228,356
22224,77,92
72349B,81,108
21066,1248,14
21905,135,164
22831,131,48
22305,40,24
22334,93,52
23395,347,199
23033,273,78
21318,10,0
23348,604,155
23435,332,107
84459B,10,0
23057,3385,652
22935,48,14
21249,180,40
84459A,21,0
72807C,517,472
18097C,60,36
22807,0,142
22735,585,159
22092,159,75
37450,95,33
23473,598,308
16015,118,45
23110,179,93
35598D,159,171
16169M,80,112
22426,80,40
85183A,488,53
22635,71,78
79190B,119,135
22838,135,75
84032B,0,384
20802,43,36
21648,300,324
20846,34,124
22679,331,34
79337,10,0
22252,386,63
21463,244,136
22664,0,173
44234,95,26
84660C,10,0
22316,51,9
22134,0,352
22337,499,88
22242,10,0
85032D,58,0
15044D,87,22
23529,282,38
22249,13,14
22681,135,61
22846,33,70
85176,233,74
22163,869,169
72586,430,4
22742,0,323
22232,89,91
85159B,148,56
21927,193,63
35964,240,246
22575,282,63
84341B,616,18
22682,246,82
22110,180,236
22689,418,70
23536,428,75
21949,171,32
84509A,59,54
90058B,945,324
22480,10,0
23396,213,159
21864,70,66
85071C,194,105
22588,254,81
22990,0,274
35810A,59,0
72225C,297,108
21882,90,54
22521,10,0
84926A,52,144
85032C,93,64
23403,583,75
21125,145,14
22254,51,75
21947,98,27
22524,10,0
20966,10,0
23564,996,130
23398,87,153
23392,132,142
21329,181,199
23252,73,46
85114A,43,38
22081,63,79
47567B,59,56
21578,17,0
23568,647,305
22942,132,218
22057,175,220
22181,271,74
22683,328,34
84763,10,0
21822,329,408
85231G,39,0
21059,243,32
22842,59,34
23052,26,14
22052,10,0
85203,49,71
21041,59,4
22687,12,12
23525,319,61
22190,0,165
22926,10,0
22636,98,72
21012,0,237
23164,190,132
22061,0,271
22856,67,90
84944,139,0
23559,731,116
37449,103,26
23048,174,26
22860,34,27
22934,14,0
23055,2961,648
23091,58,0
35957,10,0
23515,387,52
85035B,163,0
23553,465,209
23513,244,40
35598B,139,112
22756,0,237
22062,53,0
22313,420,56
85130D,26,18
22796,56,64
84422,10,0
21577,149,58
85054,110,4
22685,148,64
22255,138,71
23152,151,46
23003,10,0
22233,150,81
22430,92,18
21327,259,141
44235,30,16
85049D,10,0
22063,0,235
22361,122,28
22947,649,256
21866,191,72
23418,209,76
23490,752,306
17013D,10,0
22781,53,39
22310,280,200
21640,193,80
85106,16,14
72803A,2693,0
22583,117,22
23358,123,222
23511,395,55
85016,10,0
21115,0,196
21675,83,60
47422,50,30
22251,31,25
23216,147,47
47021G,10,0
22314,42,134
22364,61,34
22841,177,17
22261,76,27
85132B,10,0
35646,124,142
22458,10,0
51008,50,14
23452,742,233
21039,35,26
22265,40,14
84827,27,320
22085,42,47
23092,55,46
21373,103,178
22105,4343,0
22592,246,123
22116,103,69
16049,10,0
23124,12,0
23026,152,29
22120,97,52
84976,34,68
85169A,53,24
84754,10,0
21794,266,0
85094,528,38
22626,63,40
21062,131,45
22312,87,129
21272,10,0
85019B,978,63
21730,68,76
22229,268,14
82567,89,82
21471,76,9
85174,111,93
84509G,14,45
85039B,76,25
21643,326,450
21116,164,112
85034A,1958,108
75131,10,0
21257,96,75
22176,314,0
21126,60,52
23058,181,276
21306,295,93
21065,22,20
22393,0,392
23512,254,42
23542,251,214
22247,14,9
21906,34,18
21063,192,34
84520B,10,0
84849D,172,120
85130C,19,16
84519A,92,79
85186A,10,0
22905,123,176
22279,97,83
37482P,10,0
35004B,78,30
16156L,43,112
22038,198,112
21894,62,50
23112,294,62
21991,82,107
21617,1018,405
22445,96,58
84596J,10,0
82613D,45,22
85131A,28,0
22468,112,75
16052,10,0
22541,47,18
23075,153,81
23524,299,64
20840,121,76
21527,10,0
22719,10,0
23528,285,52
22684,91,62
22783,10,0
22485,36,63
84313C,10,0
22953,44,28
20986,182,98
72598,204,231
23050,49,14
22525,10,0
23514,341,87
85114C,149,111
21520,174,0
21801,48,0
79030D,75,0
75178,34,4
84625A,0,56
17012B,512,4
22358,46,36
23081,138,120
22363,28,12
85132A,10,0
21311,88,69
20839,289,42
22288,16,9
20886,99,0
85093,103,0
85159A,68,43
72800E,8,161
23007,65,46
21202,52,54
23400,329,25
22482,10,0
85049H,216,61
84032A,0,191
22250,10,0
22939,139,82
16258A,0,204
21898,10,0
22374,161,45
23325,191,135
79160,21,25
21289,143,45
23401,44,200
85039A,285,29
22123,20,159
21043,10,0
84625C,10,0
23697,222,479
22911,168,123
22473,22,78
23419,124,70
21747,31,58
22701,0,74
21194,132,90
23049,38,32
22981,158,46
23556,692,43
23397,230,212
85180A,20,9
85173,63,101
22425,68,36
23406,315,60
22843,119,9
22068,0,264
23357,111,169
23128,79,62
22853,37,58
37495,250,18
17129F,95,0
22914,57,17
22925,85,0
84519B,280,54
21258,63,107
21171,10,0
35971,215,51
84926F,61,66
15044A,45,48
47574A,28,0
82599,10,0
23598,38,458
23555,784,37
23008,34,28
23554,681,38
21204,118,58
21195,10,0
21948,106,46
23022,262,138
22822,28,9
23527,286,46
23482,644,170
21807,127,0
21926,81,40
85186C,94,0
21061,91,81
15060B,89,81
23558,579,40
22260,30,40
21785,10,0
23424,231,66
85019A,116,80
20866,263,20
23139,29,69
22341,37,18
23338,0,165
21717,10,0
23125,18,14
23219,97,136
21925,38,18
21897,10,0
22127,10,0
82613B,27,4
84535A,10,0
22318,77,15
22927,10,0
21191,106,132
35004C,10,0
72799E,0,242
85114B,152,45
23394,166,108
21446,42,62
23314,97,63
84596E,10,0
22322,82,0
23521,349,90
35809A,10,0
22452,51,27
22559,18,7
21442,0,342
22538,0,84
72760B,64,28
22067,36,101
77101A,10,0
17012D,192,151
21284,0,255
22259,10,0
21666,48,94
22199,0,122
22248,82,72
20868,287,252
23324,76,63
35967,225,86
21441,48,232
22459,10,0
22591,261,86
85049F,10,0
21724,184,36
23218,293,70
22519,10,0
23085,260,116
22946,191,53
21723,53,8
23342,166,56
81952V,72,16
17012F,243,102
21744,230,146
22449,49,20
22031,126,50
17012C,216,70
85071D,449,40
22839,61,35
84951A,352,63
22032,157,81
23391,173,105
20752,68,43
84800L,10,0
22890,101,37
22042,208,162
82613C,66,76
22471,7,71
23335,148,65
21622,23,8
23523,195,58
84078A,57,18
23518,214,32
21060,306,63
85170D,25,15
47469,57,30
22277,104,26
79302M,82,86
22852,37,64
23272,70,106
17136A,481,0
85036B,996,18
23412,106,0
22021,10,0
21285,0,289
17084P,159,0
22362,53,19
72807B,138,162
23694,237,392
23565,472,118
21365,1,72
23557,445,24
23046,189,25
71101E,55,40
21693,214,54
22405,0,132
22691,53,28
22119,0,168
22891,40,40
23522,226,76
23107,13,64
79190A,189,68
20665,29,0
72807A,138,148
85230F,122,0
37500,124,72
84356,41,56
84279P,194,60
85169C,10,9
22033,10,0
21470,21,24
84247G,10,0
23051,20,14
84951B,19,93
84580,116,62
22136,29,0
22453,14,65
22518,10,0
22121,123,48
22777,10,0
21792,10,0
22215,0,109
20838,124,36
35651,131,0
22389,42,84
16168M,58,63
47580,33,14
21187,10,0
22913,35,14
20658,10,0
21358,71,4
22660,86,80
22216,105,765
22200,8,57
21537,54,47
23538,308,7
23072,1649,0
23415,17,168
51020A,10,0
90058A,460,324
85187,24,18
22357,67,37
21219,83,33
22589,190,51
21448,15,0
21534,35,25
23469,432,64
22808,0,61
21562,106,54
22406,0,123
23053,59,10
23025,110,52
23185,141,124
21454,30,22
21688,62,27
23453,318,125
22223,37,20
72802A,95,122
20716,10,0
23071,1662,0
23517,273,16
21828,97,79
21352,230,4
23408,124,76
22203,0,98
23178,18,46
22236,95,16
82616B,479,50
15044B,10,0
85025C,10,0
22849,13,0
84993A,98,114
21913,46,24
23179,97,62
21356,23,36
85025B,138,22
21694,106,45
22606,42,11
21625,36,24
21042,27,19
85188A,10,0
22848,36,0
84880,32,12
21719,64,32
21618,403,18
22794,24,14
21557,49,39
22180,159,0
22073,10,0
21421,10,0
23474,376,204
21683,306,29
84806B,67,61
21793,311,40
85202,82,58
23111,90,63
84969,69,34
21143,10,0
84927F,96,74
21188,10,0
21374,57,88
23660,212,129
21972,89,56
22309,125,32
22442,0,227
22861,10,0
23516,191,51
22472,0,88
10080,100,97
72122,47,45
22107,52,109
22894,27,22
20755,76,92
85059,47,29
84558A,127,42
21417,0,326
21820,139,86
23027,85,148
22106,2115,14
84884A,16,24
23010,46,46
84228,24,54
23106,39,68
21775,53,33
22257,69,0
85185B,29,27
23341,64,48
23402,519,46
23475,288,137
84051,111,44
22475,46,114
23478,486,108
22246,112,58
21695,150,40
82616C,56,54
20826,10,0
21371,2,86
21725,55,4
23067,34,33
21743,10,0
84559A,121,4
15044C,32,18
21455,99,20
22912,24,16
17012A,146,22
21635,10,0
23451,166,142
84569D,94,0
22165,0,219
21466,36,26
85232B,10,0
23486,74,222
21698,145,92
35819B,223,99
23054,26,9
21518,10,0
21262,116,51
47310M,30,60
20931,78,89
47471,49,9
35818P,140,96
21867,155,16
22135,133,39
23023,96,56
22514,21,9
84663A,51,72
23041,136,36
85035A,461,0
84820,0,81
22390,47,142
22760,10,0
23485,357,62
20893,105,142
22936,104,11
22256,10,0
22283,24,22
23065,17,0
20967,10,0
22638,48,70
21286,186,356
22263,17,15
23024,133,162
21264,92,72
21288,315,10
22276,27,22
22642,96,89
22414,17,25
20686,128,62
85170C,70,18
22928,138,42
21469,15,18
22039,280,0
21813,90,46
22375,73,29
35912B,137,0
23407,114,71
23153,82,52
23079,68,54
23040,108,44
23597,0,269
23066,16,0
22511,23,39
21464,32,52
23060,32,46
22474,0,82
22278,33,38
23562,0,364
22806,15,176
21197,135,108
22496,0,137
84691,10,0
22782,15,14
22495,0,111
85107,116,145
71038,72,4
23539,110,38
23425,51,135
22515,17,9
22500,0,110
23405,272,64
23316,79,33
79063C,59,7
21407,33,4
21638,108,55
85169D,57,54
21944,19,81
84849B,10,0
21726,115,58
20615,244,27
22060,10,0
22461,10,0
21089,10,0
90209C,10,0
21220,49,50
22498,37,16
22454,66,22
22324,61,9
21706,33,24
23427,218,16
21424,30,0
79190D,58,68
23491,223,147
21945,113,33
17084J,10,0
22410,0,92
21821,121,94
85039C,24,16
35933,93,0
22372,49,37
21613,70,0
47481,16,14
23074,598,69
22428,32,16
21408,0,133
85144,10,0
23470,170,54
21865,30,22
21696,41,36
23064,859,0
84799,10,0
23519,189,40
22611,102,9
22069,0,183
20772,116,56
23411,95,42
23481,170,89
22118,0,118
21812,81,43
84559B,24,0
22409,28,8
72130,55,52
21467,27,6
21644,48,25
20767,14,22
23253,33,21
21445,10,0
21426,61,45
22829,32,0
22220,0,102
84916,10,0
22157,10,0
22785,0,142
21676,34,45
20704,1,56
23533,111,32
22270,18,11
21735,10,0
23009,84,29
22510,26,36
21205,35,21
35599B,92,174
72819,15,105
23409,131,57
21363,10,0
23455,472,99
23532,102,50
22788,10,0
35911A,19,0
85064,10,0
22182,0,126
71270,178,9
23661,347,42
22509,0,172
21624,68,38
23423,67,42
23315,57,17
21415,47,97
84876B,62,21
85169B,29,7
21221,19,22
21067,11,0
22451,10,0
17084A,10,0
16169K,10,0
81952B,10,0
23336,152,39
85036A,183,0
84915,26,4
23476,182,170
47563A,274,21
51020B,10,0
22799,14,56
47420,22,9
85180B,18,16
23422,138,46
85104,3,34
21587,63,0
20669,47,18
21222,57,9
22272,10,0
18098C,10,0
85024B,51,29
21465,63,12
21106,88,94
46118,136,12
23037,278,74
15058C,10,0
21742,40,83
47578A,87,126
23039,110,63
21462,0,140
23495,90,127
10120,156,26
84569A,45,4
22376,67,24
78124,39,32
22763,45,28
20932,153,196
72128,85,32
85088,134,90
79063D,18,14
22448,73,54
23567,164,114
21248,34,48
20867,32,34
84683,10,0
21320,10,0
84674,26,8
35599D,66,118
22640,66,74
23576,0,278
23181,47,20
84858C,10,0
22643,17,78
85200,10,0
22450,21,20
22320,41,21
23036,121,69
35965,10,0
85019C,10,0
84789,10,0
47570B,10,0
84251G,128,81
85170B,19,4
84279B,10,0
22517,16,8
23183,35,18
21804,114,84
22497,20,6
21682,136,26
21576,33,28
21528,34,9
22280,41,22
23020,50,21
21246,10,0
21721,51,0
23484,147,43
21056,22,34
85232D,206,26
84031A,10,111
75011,53,4
17091A,10,0
21064,0,80
22317,48,18
84917,10,0
22516,14,9
17107D,80,30
20836,171,40
23337,68,42
20831,0,216
21190,21,14
22703,0,86
72127,51,40
23561,0,250
84795B,18,0
21261,73,14
35637A,27,11
21581,45,27
21251,42,40
21189,37,70
85129D,3,27
23520,151,18
20854,10,0
84581,92,15
23440,0,246
23544,85,16
23575,0,246
85215,10,0
21367,18,25
23560,0,244
35815P,10,0
20622,27,22
21942,90,51
84843,72,9
22446,0,81
22359,43,10
21263,126,52
21456,10,54
23454,191,97
23317,93,20
22504,58,15
23140,55,0
22954,23,4
84249A,22,0
71495B,285,216
20823,10,0
21368,34,32
22394,8,74
85208,34,4
21973,29,4
47343A,10,0
23420,123,30
20758,44,34
23447,27,648
20735,44,18
23456,495,76
21458,66,0
84251B,10,0
23446,40,648
23413,104,44
84509B,34,45
35001G,104,44
71279,65,0
20757,99,122
22832,35,27
20707,34,4
84849A,20,14
21631,13,4
17014A,10,0
79191B,82,74
22903,33,36
22443,10,0
21579,51,43
22325,28,28
23421,141,28
22104,133,4
23339,82,42
23579,0,160
84531B,10,0
84912B,43,24
15058A,15,9
21316,10,0
84968A,203,6
21319,10,0
35810B,21,11
23070,157,14
23094,59,4
40003,10,0
20652,55,19
84766,20,0
22797,31,22
22391,0,101
23540,68,7
84952B,23,4
35968,63,0
22762,44,22
22308,46,16
84813,43,130
21055,56,28
23115,360,52
23114,99,43
22889,16,9
15030,175,9
20705,7,21
79067,10,0
20619,24,7
85131B,89,75
85118,10,0
85211,14,0
21379,47,54
23073,57,45
20837,104,68
21739,49,16
84531A,10,0
84952C,16,0
21026,63,68
23417,0,130
79406,122,0
20856,10,0
23414,98,20
22168,10,0
22862,10,0
21348,10,0
20869,169,94
23150,83,39
84678,10,0
71406C,31,28
72801C,14,14
72800B,0,99
21708,42,10
84806A,10,432
21781,10,0
72780,172,10
72131,263,32
22408,25,92
84086C,77,63
35914,17,0
85040B,10,0
84673B,48,19
18094C,13,0
84659A,46,16
20616,40,26
22395,0,191
22513,0,98
23099,24,14
84931B,116,58
21741,95,14
21815,173,38
22830,10,0
20768,32,74
21161,10,0
21378,21,68
21265,118,33
37467,65,0
84199,57,44
84800M,10,0
72799F,41,9
85125,200,86
37479B,10,0
20702,29,0
23136,85,26
84877B,107,14
21087,10,0
35004G,9,58
20764,28,24
21359,10,0
84875B,65,54
21651,10,0
20681,10,0
22221,0,60
72800C,0,80
84876D,10,0
84859A,63,72
23416,0,62
21468,12,4
22166,0,218
21145,46,45
22289,12,4
84218,10,0
21707,22,27
22167,25,14
20998,24,0
85141,10,0
21472,10,0
84457,66,0
85179A,59,76
37479P,87,0
23021,62,27
22512,3,37
21656,10,0
21028,26,11
23142,18,9
23045,65,46
85205B,10,0
81950B,10,0
23104,33,54
21457,66,0
15058B,13,4
85131D,133,54
71496A,19,0
22214,12,112
90030B,135,34
84823,10,0
22641,146,9
22526,22,6
21030,35,38
20766,35,25
22282,30,17
84192,40,38
23580,5,165
21117,49,56
90125A,10,0
17090A,51,40
23479,83,48
21637,12,0
21051,29,51
84744,15,4
84247L,10,0
22281,18,4
22786,14,30
23460,109,74
22201,0,36
84800S,10,0
20770,16,4
79144B,79,16
20761,40,12
46000U,187,45
62096A,10,0
21647,20,16
22162,27,9
21911,10,0
84231,70,0
85160B,122,0
84665,31,0
20654,80,4
85023B,59,4
21678,81,54
90209B,10,0
23457,96,55
23180,30,32
90210D,111,0
85214,10,0
84912A,10,0
37501,10,0
47585A,28,18
85129B,10,4
21351,18,24
22108,0,47
46000R,82,9
20762,24,8
21293,73,16
21025,20,11
22987,10,0
23044,62,25
21808,85,32
21027,31,18
23042,46,24
84804B,10,216
90200D,51,68
16043,10,0
21369,19,54
23537,64,69
72134,78,0
47348A,10,0
23149,20,20
84510C,23,6
35607B,10,0
22204,13,38
21664,19,0
71495A,120,216
35972,49,0
20777,42,50
84857C,10,0
21317,33,44
47503H,290,9
84661B,67,72
21095,10,0
35819P,57,0
20765,29,14
84968C,22,4
20659,24,17
84661A,0,144
90210C,10,90
21377,35,68
84031B,21,52
75172,10,0
22407,8,56
21131,42,135
35001W,10,0
20936,28,17
21689,76,20
21826,10,0
21250,50,63
21361,10,0
47594B,22,0
85103,10,0
35915B,10,0
84609,66,42
21580,80,54
90087,0,112
79403,39,4
21196,14,54
21147,40,22
20655,15,7
35241,10,0
23496,52,50
20827,10,0
21633,17,14
21709,25,7
84877D,10,0
84968E,20,7
23069,42,9
21711,52,22
47351B,31,0
85198,10,0
62086A,10,0
20794,22,9
23477,75,54
90086,0,73
23117,121,34
20897,10,0
72800D,23,9
85124C,13,0
90209A,194,0
21710,33,20
84859C,94,18
22770,20,14
22882,16,6
84584,10,0
23305,243,65
85124B,30,0
84931A,51,18
23019,30,8
72799C,0,96
21736,10,0
17011F,10,0
23137,16,25
84247E,40,0
85127,48,22
22885,14,4
22881,16,9
23444,30,36
84925F,10,0
21307,10,0
85135C,46,27
84968F,14,0
85020,13,28
37423,10,0
23487,204,39
22883,11,0
35816P,10,0
22124,2,76
21750,14,0
84509C,36,27
85129C,41,0
85130A,10,0
21427,29,20
20684,10,0
21038,10,0
23462,176,17
90200E,32,40
84313B,10,0
22447,18,86
85026B,324,27
20830,10,0
21459,10,0
23043,54,32
85188B,10,0
84569B,10,0
22884,16,9
22833,10,0
22886,11,4
84360,20,9
20731,10,0
23492,66,53
84452,52,0
85232A,10,0
90125D,10,0
21662,10,0
22183,14,0
90030C,24,27
85131C,62,18
90125C,10,0
21846,32,22
90030A,17,27
21946,34,14
72024U,10,0
17001,10,0
21547,10,0
84924A,37,36
21841,96,25
23304,133,65
21814,69,86
84920,17,9
20763,51,32
22164,63,108
85027L,10,0
23428,33,79
22825,22,4
22880,16,9
20771,18,19
84913B,51,54
84509E,5,32
23116,251,9
84687,31,0
84804A,10,54
84592,40,27
21324,10,0
84796B,10,0
22275,10,0
85179C,101,54
84563B,10,0
22869,14,4
20760,51,20
23016,35,16
20618,20,6
22137,10,0
23141,19,90
21054,19,14
37487B,10,0
21425,48,16
35920,10,0
21372,29,9
90200B,17,40
84707A,0,46
85095,62,4
90114,142,106
20769,16,24
22870,14,0
22887,10,4
22618,10,0
20835,95,0
20617,24,7
82613A,10,0
21279,11,4
21253,46,4
23303,277,38
21722,36,4
21280,38,0
22802,11,38
22503,24,14
20759,35,27
90108,10,0
90201B,24,27
84595E,10,0
16046,20,4
23471,90,14
23017,31,7
21032,23,27
90214A,28,58
22888,12,4
20775,70,28
79144C,98,0
84673A,18,9
20756,42,16
84507C,28,0
37468,13,0
84661C,1,112
37343,10,0
22879,10,0
84968D,15,4
20941,10,0
90214Y,10,270
84750B,10,0
17109D,10,0
20796,30,0
84402B,10,0
20657,29,0
22655,18,0
22353,10,0
21850,16,8
84741C,10,0
21632,10,0
84563A,10,0
90119,23,37
23151,3,42
21418,31,90
23047,20,14
22826,30,25
72801D,52,14
84993B,10,0
90154,13,4
84576,10,0
47367B,49,0
84927E,10,0
21720,10,0
21943,35,0
20773,10,0
35638B,15,4
22877,10,0
23578,0,84
37475,31,21
84508B,24,14
21333,10,0
21555,39,0
22824,13,4
85006,10,0
85216,46,4
22872,10,0
23472,44,17
21630,81,8
35916C,10,0
85049B,10,0
20934,28,0
22874,10,0
35921,10,0
22868,10,0
71403,33,4
22194,10,0
84708B,27,20
20748,31,9
90149,10,0
22486,0,43
47594A,21,14
44242B,10,0
44236,10,0
71510,35,16
79062D,10,0
20774,10,0
22878,10,0
22876,10,0
90214C,5,72
84846A,66,0
22871,22,0
90201C,18,0
82011C,47,45
21629,26,9
84875D,10,0
21784,10,0
22875,10,0
84508C,64,14
90214L,13,162
23458,64,28
23018,18,4
16169P,10,0
40046A,52,0
21849,23,12
23692,101,112
21904,10,0
85136A,36,12
16151A,10,0
84686,10,0
72811,64,9
23466,52,30
35915C,10,0
85017C,10,0
84226,10,0
46126A,10,0
21157,26,0
21614,10,0
85167B,10,0
20819,41,30
84600,32,20
90031,24,27
84527,12,4
90201A,13,0
90093,0,74
22873,14,0
90214K,6,70
21420,0,65
37444A,10,0
85135B,26,4
35653,10,0
21128,16,36
20847,15,4
90201D,11,0
22803,15,0
84429A,26,32
84801A,34,45
84466,10,0
90170,14,0
84597C,10,0
84534B,10,0
84927A,10,0
35597D,10,0
21000,28,9
72051S,10,0
21129,16,22
47341B,20,18
85086A,10,0
84898F,10,0
85163A,25,14
90161C,32,22
90161B,47,29
85163B,16,14
84927D,10,0
20795,17,27
84658,20,27
72709,30,0
47344B,10,0
23429,23,66
21738,15,0
46138B,20,0
21100,10,0
85146,10,0
21628,26,4
47013C,10,0
84760S,10,0
72801G,36,27
90214E,6,70
90160C,46,45
85045,27,0
84461,10,0
82011B,49,45
84985A,10,0
23038,14,14
84723,10,0
84725,10,0
90200A,14,68
84597B,10,0
85087,10,0
23442,21,45
37489D,20,14
90210B,80,45
90214S,27,83
21031,40,45
22202,10,0
84974,20,0
20782,13,8
72133,20,27
90214D,4,68
21627,14,0
84809A,10,0
47591B,10,0
35638A,18,4
84805B,10,162
84952A,54,4
78033,12,0
85055,10,0
85145,10,0
21360,10,0
84913A,20,0
79336,10,0
20694,65,0
44228,10,0
20780,24,18
82615,10,0
35833P,33,32
20798,10,0
21910,10,0
23410,25,18
23015,41,9
21655,10,0
21413,30,0
17012E,10,0
22827,20,4
21281,22,0
23430,26,39
85136C,25,20
21132,47,7
35913B,14,0
90214G,6,70
90198A,52,45
22761,21,6
84874B,10,0
84688,10,0
84882,14,9
37489A,17,9
21686,10,0
20653,29,21
84352,10,0
20902,10,0
71050,46,47
47593A,10,0
23459,51,15
21816,123,14
20696,41,0
90160D,46,45
21758,32,40
85197,10,0
20857,10,0
21392,10,0
84745B,10,0
84358,10,0
84745A,10,0
90185D,10,0
37489B,16,9
84507B,10,0
72140E,21,0
35818B,14,0
90120C,46,45
21476,17,0
16254,17,4
90160A,11,0
90161D,26,18
84549,10,0
21278,10,0
22145,10,0
84805A,12,54
90198B,39,27
84859B,18,14
16010,10,0
84707B,17,68
21393,10,0
84919,10,0
84637,10,0
16202B,10,0
17090D,10,0
21376,17,9
20781,16,12
20699,15,7
90098,52,9
81953P,10,0
72369A,78,18
35637C,14,7
72132,18,11
35922,10,0
37488A,10,0
90164B,79,29
21269,16,4
90214P,10,112
21657,10,0
23465,44,32
84906,10,0
90214M,19,40
47341A,10,0
17165D,10,0
37462E,24,54
35966,10,0
84989A,21,12
85092,10,0
17164B,10,0
90162B,67,0
20980,10,0
22656,12,0
90210A,10,0
79331,10,0
21460,10,0
21851,21,9
16162M,16,9
20894,36,32
23143,0,27
84016,10,0
16169N,10,0
21364,12,0
23448,54,54
22765,10,0
90082B,11,4
84510E,47,11
75013B,10,0
20898,28,0
79026B,10,0
16161M,10,0
79191D,33,18
90214I,10,58
84666,10,0
84206A,52,81
84750A,10,0
84748,11,4
35610B,10,0
85028S,10,0
44089C,10,0
22823,25,18
35610C,10,0
17007B,10,0
46775D,15,6
21366,9,9
35607A,10,0
84388,10,0
84857B,10,0
84865,10,0
21001,33,0
20878,10,0
90085,24,54
84251C,10,0
90214J,19,40
20933,51,4
21277,18,9
90192,17,9
23467,63,16
84033,10,0
37489C,10,0
90191,51,0
21375,16,14
90185A,10,0
84732B,10,0
21690,10,0
21018,10,0
84801B,10,0
21040,10,0
23441,54,50
84247N,17,7
90214H,21,45
21473,15,4
84247K,12,0
47586A,24,27
90129B,43,20
90145,14,4
90185C,10,0
90147,20,14
90184B,14,9
90082A,13,7
20848,21,0
84685,10,0
90160B,14,0
90200C,10,0
84629,10,0
90183A,11,4
90099,23,8
90120B,46,45
35910A,10,0
84709B,10,0
35916A,10,0
79071B,10,0
85096,17,7
81950V,10,0
84847,10,0
84870C,44,0
20903,16,0
90062,10,0
84870B,10,0
46776F,18,18
22415,10,0
37444C,10,0
90125B,17,27
84984A,38,0
21357,10,0
23468,20,7
90032,87,0
84712B,14,9
22929,14,0
90164A,33,32
84638,13,0
35271S,10,0
20845,10,0
90083,3,21
84809B,10,0
90019A,32,9
21011,10,0
90143,10,0
72812,16,4
90214N,0,34
35817P,10,0
44092C,13,0
79149B,12,15
90003D,14,0
84751B,10,0
90204,18,0
90177D,11,0
46000P,10,0
16162L,10,0
85168B,28,7
90122C,16,0
20697,16,9
21692,10,0
90018A,35,0
10124G,30,0
35911B,10,0
84984B,38,0
90129C,19,4
85084,10,0
37476,13,0
62043B,10,0
90174,10,0
84706F,17,7
20821,14,9
84715,10,0
72783,66,18
90205A,18,0
90173,10,0
84631,10,0
82011A,18,0
35649,14,0
90199C,18,0
10124A,30,0
90129F,36,22
84539,10,0
85031A,10,0
62074B,10,0
90195A,9,27
20698,20,9
35265,10,0
90116,8,32
84086B,33,18
90013A,30,0
90014A,43,0
23464,17,16
84803B,10,0
90214R,10,58
20778,10,0
90081A,15,9
16202E,10,0
46776B,11,9
21370,6,20
84711B,16,4
85135A,24,29
85030,10,0
84548,10,0
85185D,10,0
20997,10,0
84925D,10,0
90101,18,0
44089A,28,36
46776A,17,0
47013A,10,0
90162C,15,0
90214V,10,54
90166,18,4
84842,16,4
21344,32,12
21270,14,4
90016A,67,0
85206B,10,0
90039D,10,0
37333,10,0
20785,10,0
82605,10,0
23574,20,4
90123A,10,0
90158,25,22
46776E,14,9
44092B,10,0
21332,10,0
84711A,17,4
84575A,10,0
84796A,12,9
84798A,10,0
90180A,31,0
90214F,10,58
90177C,10,0
16248B,81,0
84201B,12,4
16207A,42,0
90214B,10,54
90073,10,9
21003,10,0
84497,13,4
21002,16,0
90089,10,58
90094,17,4
84816,10,0
35910B,14,0
35647,10,0
62094B,10,0
90123C,10,0
71496B,22,0
84984D,36,0
85089,26,4
90146,80,0
47589,10,0
90185B,10,0
90186B,22,14
90206C,12,4
90012B,46,0
90003C,10,0
22351,10,0
46115B,10,0
90202D,10,0
90194,19,0
84522,12,4
40005B,28,18
46776D,10,0
44242A,10,0
20818,10,0
37471,10,0
85008,10,0
85018D,10,0
84462,10,0
84415A,10,0
85109,10,0
85024C,14,4
21349,20,0
90214W,10,54
90214T,10,54
84705C,10,0
23463,15,10
23449,52,54
90214U,10,54
90214Z,10,54
79329,10,0
85161,16,14
84877A,10,0
84905,10,0
90214O,10,54
35958,10,0
20662,23,0
90184C,18,0
79151B,22,45
21769,10,0
71215,10,0
90063A,19,0
90036D,10,0
84616,29,4
90064B,11,0
72821,10,0
81953B,10,0
90013C,27,4
85195,10,0
84921,17,0
90000A,20,0
84881,10,0
84732D,10,0
46776C,12,9
21331,15,4
84387A,10,0
90081C,13,4
90010E,13,0
21761,13,4
90102,10,0
90072,10,0
85028L,10,0
22828,16,9
84465,14,0
90162D,15,0
20671,10,0
90208,14,0
21275,14,0
71143,10,0
90167,10,0
84910A,10,0
84924F,10,0
90067A,31,27
90059E,14,0
90014B,14,0
35400,22,22
90002D,10,0
20700,10,0
90130B,11,4
20851,10,0
85189,10,0
84675,10,0
35598A,40,40
90175A,10,0
44091A,10,0
17174,21,18
90142D,19,0
21847,14,0
90133,33,22
20661,23,0
90175C,16,9
90161A,12,9
62097B,10,0
90016B,15,4
90059F,14,0
90059B,14,0
90184A,14,0
90196A,13,4
90123B,10,0
90151,14,9
90070,22,0
21336,10,0
20670,18,9
20793,10,0
90103,14,9
20910,10,0
37491C,10,0
20816,10,0
90096,34,0
90122A,10,0
90129D,19,0
47369A,15,4
78034B,10,0
90063B,18,0
90059C,14,0
21486,10,0
35809B,10,0
35909A,10,0
35909B,10,0
35610A,10,0
22184,10,0
90018B,14,0
90023,14,9
90022,10,9
84922,11,4
79323B,10,0
90012A,22,0
90003E,10,0
21226,20,14
21461,10,0
84206C,16,14
90199A,18,0
90176D,17,0
90202C,10,0
85067,10,0
90202B,10,0
82095,10,0
90157,28,22
84798B,10,0
90148,10,0
90082D,12,4
72798C,10,0
90011B,10,0
90010B,10,0
90010A,10,0
84499,10,0
90124C,16,0
90129A,10,0
16244B,10,0
90144,10,0
90177B,10,0
90036E,13,0
90064A,10,0
21777,10,0
90040C,11,4
35443,19,14
16206B,10,0
16202A,10,0
90202A,10,0
90206A,12,4
90168,10,0
84706D,10,0
17028J,10,0
90182C,10,0
90155,18,4
22769,10,0
20701,10,0
90169,10,0
84415B,10,0
90135,10,0
90129E,17,0
85225,10,22
84679,10,18
20935,22,14
37379A,10,0
90118,10,0
90124A,17,0
21827,10,0
90212C,10,0
90000D,14,0
90141B,10,0
21763,10,0
90065A,10,0
90076,10,0
16020C,10,0
20664,10,0
37330,10,0
85017A,10,0
90003B,10,0
35916B,10,0
90059A,10,0
84613A,10,0
90051,11,0
90050,22,0
90040A,10,0
21757,10,0
90059D,10,0
90018C,10,0
90038C,10,0
90039A,10,0
90039B,10,0
90038B,10,0
90036C,31,0
90036A,10,0
90038A,10,0
90037B,10,0
84632,10,0
90162A,38,0
90178A,13,0
90205C,10,0
90177E,10,0
90177A,10,0
90190B,10,0
90190A,10,0
10123C,10,0
79157V,19,0
35591T,15,4
90049,15,4
90211A,18,4
84593,10,0
84975,10,0
90079,11,0
84854,10,0
84907,10,0
84201C,10,0
84206B,28,22
18097A,10,0
21416,10,0
90190C,11,4
21228,10,0
21538,10,0
90001D,11,0
20820,10,0
20695,13,4
90027D,10,0
79157B,29,4
90043,13,0
84802B,10,0
23702,18,4
90014C,12,4
16207B,10,0
35645,13,0
90035A,10,0
90036B,10,0
90036F,10,0
90027A,10,0
90163A,18,0
90040B,10,0
22125,20,18
90138,10,0
79323P,10,0
20678,10,0
90131,10,0
90141A,10,0
90001B,10,0
90019C,15,4
90024B,10,0
84963A,10,0
37444B,10,0
90124B,10,0
37351,10,0
37491B,10,0
20666,10,0
17191A,16,9
47574B,10,0
90186A,10,0
90196B,14,0
90211B,18,0
90141C,10,0
90187B,10,0
90042A,10,0
90026D,13,4
90026C,18,0
90029,10,0
84872A,10,0
84963B,10,0
84617,13,4
90048,10,0
85047,10,0
21488,10,0
45013,13,0
79192A,10,0
90046,10,0
90179A,18,0
90180B,11,4
90176E,11,0
84689,10,0
90159,14,0
85224,10,0
90000B,10,0
84840,10,0
20906,10,0
90123D,10,0
90141D,10,0
90136,10,0
22034,10,0
84746,10,0
90152A,10,0
84773,10,0
90141E,10,0
85031C,10,0
22764,10,0
90197B,10,0
21661,10,0
90060D,10,0
90156,10,0
21836,10,0
47369B,12,4
90212B,10,0
20901,13,4
37464,10,0
20663,13,0
90195B,14,0
90175D,10,0
90019B,11,0
84824,13,4
84306,10,0
90074,10,0
62096B,10,0
20964,10,0
47016,18,0
84562A,10,0
79161A,13,4
84968B,10,0
84620,10,0
72815,10,0
90176C,10,0
90001A,10,0
90176B,18,0
90188,14,4
90176A,18,0
90199B,18,0
90189A,14,4
20861,10,0
84614A,10,0
44265,10,0
90025A,11,0
90026B,10,0
90024F,10,0
84731,10,0
90199D,11,0
90024C,10,0
90163B,10,0
90033,10,0
90028,10,0
90035C,10,0
90026A,10,0
85136B,10,0
90041,10,0
21268,10,0
84873A,10,0
21667,10,0
90001C,13,0
37491D,10,0
37509,10,0
90120D,10,0
84990,10,0
90069,18,0
90078,10,0
35598C,13,4
21681,10,0
84802A,10,0
84795C,10,0
90179C,10,0
90178B,10,0
90181A,14,0
90025F,13,0
35597A,10,0
35004P,10,0
77079,10,0
22218,10,0
90039C,10,0
90055,10,0
90054,11,0
84613C,10,0
90024D,10,0
84569C,10,0
84551,10,0
90065B,14,0
90021,10,0
35597B,10,0
90060B,10,0
21310,10,0
90128B,10,0
90130A,12,4
90125E,10,0
90122B,10,0
90104,10,0
90100,10,0
37461,10,0
85170A,10,0
35650,10,0
90011A,12,4
23630,10,0
23664,14,0
90084,10,0
84227,10,0
20667,10,0
20892,10,0
90071,11,0
90152B,10,0
84743C,10,0
22323,10,0
85031B,10,0
21414,10,0
47579,10,0
21895,10,0
21839,10,0
20703,10,0
90165B,10,0
90152C,10,0
84550,12,4
22146,10,0
47503J,10,0
90183C,10,0
